accountid,customer,date_opened,interest_rate,last_transaction_date,transaction_amount
9220657095,11,8/7/2001,2.72,7/24/2008,149.95
9128062049,119,12/8/2006,8.27,5/9/2017,8631.02
1016380594,156,7/11/2016,0.35,9/20/2019,4746.37
5703097347,58,12/10/2003,2.11,12/6/2015,2248.23
2111016842,164,3/29/2006,3.99,11/10/2011,5633.65
9037401260,102,1/28/2005,0.13,4/28/2015,5257.01
8815752512,177,8/31/2009,1.32,2/2/2008,3923.05
3034212373,155,10/25/2012,4.33,1/1/2017,5964.71
6601488436,6,3/14/2003,7.92,9/12/2003,3128.83
7172020692,168,2/12/2021,7.64,2/9/2010,5586.24
3356151641,87,7/31/2016,8.16,2/3/2017,2710.03
3312585588,168,11/9/2011,5.01,8/2/2007,4627.14
3480720729,190,9/21/2007,0.18,3/14/2003,4634.24
8920923397,53,9/27/2005,6.36,6/20/2022,7716.3
8052943431,9,8/17/2012,8.44,12/25/2012,5705.8
8299156700,20,4/6/2022,1.72,3/10/2018,767.1
7069710450,23,3/11/2018,4.92,3/26/2000,8101.6
2401069608,32,1/1/2017,9.49,5/30/2022,4241.91
7900007956,102,6/12/2020,7.05,6/23/2019,6881.35
2366588678,20,6/17/2020,9.06,12/19/2013,6884.69
9342817337,193,7/11/2016,0.17,10/11/2018,5341.68
8328976508,28,7/7/2003,0.58,11/28/2020,5661.77
2965602555,82,2/18/2002,6.56,7/7/2021,7864.91
6852664031,5,11/23/2016,8.18,12/28/2004,9232.34
6344063160,177,1/5/2019,8.46,3/29/2012,772.45
7488324245,131,2/28/2015,8.41,7/24/2017,1538.95
9220105159,53,9/13/2020,7.42,12/25/2004,5390.89
8383470080,157,7/30/2017,4.38,10/8/2021,9939.5
3874909039,68,11/28/2017,3.85,8/13/2002,1848.27
3005835855,187,6/28/2007,9.34,12/30/2019,1093.5
5055093445,154,10/14/2010,7.77,2/23/2009,2080.95
4661376714,152,11/17/2007,2.05,6/28/2013,4762.75
8617218765,43,8/20/2006,6.9,8/18/2018,7272.19
3063510951,54,3/30/2000,3.52,5/28/2000,1122.98
2405256187,26,1/30/2008,9.38,3/5/2008,4774.15
3479419247,11,8/10/2009,4.02,8/26/2020,8440.07
3574161764,152,8/24/2001,1.49,9/8/2002,1274.79
8401581254,146,8/31/2005,5.63,7/16/2010,3861.31
5169984887,139,9/28/2012,0.28,2/27/2005,8960.3
5640981963,192,1/17/2013,4.03,11/2/2016,9649.53
2581111787,163,7/13/2013,7.93,12/4/2004,5154.27
8421245622,193,7/30/2007,2.08,3/26/2000,4498.26
3612048984,52,1/30/2011,4.66,1/2/2014,5633.93
5937335539,140,8/9/2019,0.02,5/10/2020,9942.18
7587772760,79,3/27/2000,1.7,11/28/2021,4960.74
9408152142,70,1/27/2009,2.39,3/4/2006,4903.38
5879611470,34,8/28/2021,0.61,3/31/2003,2778.45
6341241446,134,8/15/2010,1.58,7/10/2018,8413.44
7403545253,152,1/6/2007,8.43,4/2/2006,4311.48
6997919878,98,10/16/2004,2,6/10/2012,8254.54
7528834931,122,2/28/2011,1,3/27/2005,6750.18
2655271960,143,1/4/2003,0.75,11/23/2019,3321.6
4728259456,10,6/24/2002,6.99,8/14/2018,460.27
5416427629,111,7/9/2000,6.42,5/22/2016,943.4
8137445567,47,4/20/2011,3.44,4/29/2009,4384.1
1638988272,199,10/26/2015,3.99,1/3/2019,7578.68
8785469507,17,3/27/2000,9.44,2/26/2003,1875.14
6229144469,23,10/20/2020,3.44,9/9/2003,6107.02
2628400597,156,1/4/2012,5.81,5/8/2010,2040.05
5431376924,73,1/27/2013,1.34,4/23/2002,1622.73
4797646703,24,1/2/2005,3.24,5/3/2019,6222.69
2579890351,161,7/1/2003,2.57,4/12/2022,1223.53
9583993764,94,2/1/2002,4.04,9/23/2020,5252.21
8604300472,169,12/20/2016,4.89,6/9/2011,3867.68
2007928651,144,4/14/2019,8.72,9/6/2012,1724.22
1903502710,160,10/17/2001,6.27,5/19/2006,9599.55
4120410239,200,12/18/2001,1.06,12/16/2021,7702.76
4157964486,114,5/23/2003,9.85,3/5/2003,9265.27
1034693668,187,8/6/2022,7.81,3/26/2005,8180.02
6809262730,190,1/20/2010,8.1,3/14/2008,6400.66
6073928812,106,10/11/2019,5.32,7/13/2021,6547.2
9717835709,39,7/19/2006,6.87,5/10/2013,733.86
3782667609,47,7/28/2002,4.21,1/31/2015,1571.36
7907348475,131,3/9/2002,9.37,7/18/2014,7005.47
2594385376,129,4/25/2018,8.12,10/13/2018,8710.89
3299642041,134,6/29/2017,9.92,10/17/2022,5416.77
9256824775,149,7/9/2016,5.93,3/9/2001,140.48
2502281463,67,2/13/2008,5.25,1/16/2017,4271.74
7635113647,88,6/20/2004,4.15,10/5/2015,6307.26
7633325551,42,11/25/2016,9.79,6/23/2018,6437.65
3634867538,20,12/29/2015,9.06,8/21/2005,5675.72
4024595984,166,9/25/2005,8.18,5/22/2006,8304.38
8566208645,153,10/17/2009,1.86,9/15/2002,1193.17
1542430755,88,9/20/2020,2.98,3/13/2012,8864.07
9208781942,49,6/30/2000,1.95,9/5/2010,3734.69
6554344274,118,3/21/2013,5.6,11/8/2013,6921.07
6862959739,21,4/30/2020,3.14,6/11/2015,2211.46
7086763933,14,8/28/2018,4.83,8/23/2007,8893.66
3831849924,181,12/20/2018,0.79,8/4/2020,937.75
3042980580,72,2/11/2008,3.98,10/2/2014,4612.2
2928524294,89,7/14/2006,3.02,2/5/2012,7287.79
6920244676,111,1/7/2006,1.47,3/17/2012,3596.3
1943712055,46,1/22/2016,5.17,5/15/2012,9771.32
5456875073,175,6/21/2016,9.08,6/20/2021,8414.97
5072295115,121,10/21/2019,0.98,3/24/2011,6292.37
5341955704,174,5/1/2009,6.49,8/16/2019,6597.28
8373693940,153,1/24/2021,8.36,4/16/2020,5295.47
1444544644,17,1/25/2003,6.44,5/3/2008,9392.09
3199278903,62,12/17/2008,4.46,3/11/2018,2668.87
4219604741,125,9/21/2004,7.92,5/18/2010,3232.16
5041936609,26,5/18/2001,4.36,1/2/2006,1267.11
5093305223,67,12/1/2016,2.96,5/29/2016,6502.27
3505028541,32,11/11/2014,3.65,4/17/2007,7888.81
8296994417,131,5/3/2006,5.36,8/6/2009,8890.88
8170751009,137,4/29/2000,4.92,8/7/2012,4321.6
9660457724,126,7/28/2009,3.52,1/17/2018,8115.68
8449047271,169,5/3/2010,7.18,10/26/2002,4298.62
6235655733,175,5/20/2014,7.55,7/14/2000,5687.46
9281997616,126,6/10/2015,2.01,5/7/2005,9987.21
8434177335,124,9/20/2005,3.82,6/20/2022,2816.43
5981829826,30,11/28/2022,7.62,4/29/2002,3119.53
6758295860,18,4/2/2010,8.83,9/14/2022,5400.97
5740421801,93,12/23/2009,3.81,1/15/2011,3091.85
1020087425,171,4/28/2014,9.79,1/16/2002,4359.71
2594302808,110,3/13/2000,6.19,4/5/2022,3912.14
8843054984,49,4/1/2022,6.21,11/16/2019,2598.39
9969214541,37,12/20/2020,8.53,4/1/2007,8737.98
2417332317,137,9/11/2007,8.15,10/30/2006,701.89
7899426023,74,8/18/2006,0.27,6/17/2013,1175.19
3956122970,186,10/25/2016,4.52,2/14/2008,893.51
2302954468,162,12/27/2021,1.14,3/10/2009,6715.81
2385823973,59,9/7/2017,6.53,12/28/2002,5844.54
2521462592,41,1/13/2008,2.25,12/18/2002,8950.5
8199030347,70,10/20/2015,6.22,6/9/2002,4109.79
9035805951,185,11/12/2017,1.68,1/29/2003,3117.05
4081120928,100,6/18/2007,1.83,3/29/2015,5195.52
6007356608,155,9/16/2021,7.86,1/14/2011,6583.26
1092671497,3,7/19/2016,6.44,6/29/2009,4105.03
4439750015,154,11/16/2013,6.45,5/18/2005,1587.58
1266045625,162,6/9/2020,6.68,2/13/2006,1409.02
5545431583,57,2/26/2004,6.54,3/31/2012,8617.18
9548385318,86,12/16/2000,5.23,7/11/2014,4534.03
1304046444,70,11/12/2004,5.29,8/8/2013,2666.79
2118602377,121,6/17/2016,7.32,2/21/2021,5551.57
7466686526,11,9/4/2002,1.55,10/2/2003,8805.35
5514953528,39,10/18/2019,0.97,1/16/2004,8924.04
3417411665,32,6/21/2017,4.87,12/11/2012,3416.86
9989735402,67,10/13/2012,5.21,12/12/2015,7865.4
4915840819,68,5/17/2006,3.91,11/24/2010,3062.17
4478403671,7,11/29/2015,2.89,6/24/2010,8626.41
5076961491,33,6/14/2001,9.51,2/16/2005,7699.81
8486891897,142,9/3/2018,9.2,4/5/2010,7465.34
6161819595,63,2/2/2014,6.43,6/21/2003,4621.46
8176305764,80,2/12/2012,4.67,1/1/2010,6648.15
9601012558,82,11/27/2022,4.49,7/9/2002,2269.7
8412830849,85,7/25/2004,3.23,3/6/2021,375.51
6466643901,58,4/23/2003,2.96,11/19/2018,1906.64
2759645858,178,6/14/2012,1.58,12/1/2014,9164.9
4740862534,197,9/24/2013,3.77,11/26/2000,4714.47
6302520909,37,7/21/2003,3.19,2/26/2020,6939.58
2627460289,25,4/5/2011,6.69,8/10/2008,3540.9
1289712360,180,9/7/2001,5.28,4/25/2010,8662
7763350386,57,3/17/2019,2.36,9/6/2013,3604.24
2253609737,65,5/12/2010,8.69,7/11/2006,8647.09
9654147351,62,7/4/2005,0.36,8/17/2019,8549.19
7219805997,139,11/6/2016,2.14,9/1/2009,2767.08
6855225495,19,3/6/2007,9.88,6/11/2012,3681.03
6211047474,125,6/26/2002,8.55,8/16/2020,2198.9
6014695191,149,5/9/2015,7.96,1/5/2011,9670.27
6488227734,121,4/21/2010,4.1,4/25/2005,1541.1
9846968988,167,4/12/2020,9.17,12/30/2019,2462.87
8667408177,159,12/15/2002,2.2,12/8/2009,3338.24
9367090460,1,10/7/2020,2.16,5/24/2014,477.9
8904214112,194,7/13/2004,2.59,1/22/2002,45.97
1449507150,42,2/8/2012,5.62,5/9/2000,5789.18
2707557839,156,1/22/2012,3.89,10/13/2009,3435.85
2328164864,14,2/8/2014,4.55,3/17/2021,3184.19
3379055688,193,2/27/2003,0.69,9/14/2008,1806.79
9050174083,63,10/1/2020,8.27,2/4/2011,8139.34
5315568942,199,7/6/2007,8.43,8/25/2014,2486.51
8282571841,170,3/16/2006,9.82,8/31/2007,3186.47
9211894018,189,11/25/2012,2.06,1/19/2020,3817
7712393291,153,12/4/2012,6.61,7/15/2021,4662.48
8958436670,139,6/6/2013,0.3,1/4/2018,2829.87
4159016620,136,10/10/2008,5.66,2/25/2007,6415.94
1172374935,88,3/3/2022,5.88,11/12/2002,4751.48
8840464952,43,2/7/2003,7.67,10/10/2020,193.45
8952283370,4,4/21/2018,8.5,4/18/2006,4686.96
1607091991,12,9/18/2004,9.81,5/14/2019,3566.52
6412238347,130,1/28/2015,7.62,7/25/2000,9670.39
3245242259,143,11/20/2010,0.21,4/25/2005,7235.6
2000062963,196,5/2/2014,5.17,5/5/2007,7975.52
7869880448,40,6/16/2007,3.36,7/15/2018,6575.51
1402268232,147,9/10/2007,9.66,8/24/2019,3721.85
5765376642,32,2/24/2012,0.46,4/2/2001,6714.6
4275918080,123,3/1/2018,8.3,9/24/2015,5354.24
1727176662,95,6/29/2018,9.46,6/2/2018,1937.83
2833419693,154,8/16/2011,3.73,11/7/2005,7461.56
7411995080,42,1/2/2009,8.67,2/2/2010,402.12
2286227954,176,4/20/2014,6.36,1/19/2001,1174.17
9114454574,75,1/2/2008,4.4,6/11/2021,6938.4
6414569123,97,11/6/2002,3.63,8/21/2002,877.54
9290843933,32,1/24/2017,8.34,2/13/2013,6890.62
2282667910,110,2/27/2012,0.67,12/4/2011,4994.62
7099769624,12,3/11/2011,8.74,1/16/2017,4916.28
1597236854,122,6/28/2002,4.5,2/1/2010,9760.73
6580159332,20,6/8/2000,0.16,1/23/2016,5949.76
9104952166,48,6/30/2018,8.58,3/19/2013,1580.86
4446972648,31,10/21/2003,2.23,7/30/2009,3076.44
3656619749,1,3/3/2019,8.58,8/22/2012,9176.89
5345311571,105,8/17/2002,2.96,8/11/2022,1170.85
4361620449,94,8/2/2002,0.01,3/17/2020,5264.35
9853483834,22,7/18/2017,6.98,7/13/2011,5586.87
6893513317,173,2/4/2010,1.51,10/6/2011,1713.08
4371166927,124,1/13/2011,7.8,2/12/2002,1070.71
7876395332,195,12/2/2002,6.17,12/27/2013,4506.33
6351673745,125,12/16/2019,9.74,10/15/2018,7504.15
1989941199,180,12/28/2001,6.35,7/7/2010,4173.23
1876836408,33,1/18/2000,6.61,7/14/2018,8678.21
5865506537,118,11/10/2001,5.83,6/1/2018,7464.65
9950799019,117,3/6/2017,8.88,5/4/2018,7718.29
7929412442,104,8/7/2001,7.23,4/2/2017,2197.36
4967553539,5,7/7/2010,0.19,5/16/2022,6156.58
2016401211,25,10/24/2006,7.77,9/6/2000,4792.47
4545464806,85,12/6/2013,9.49,10/13/2004,8262.88
5397750927,76,12/21/2004,4.68,2/4/2012,9649.54
7215546709,71,12/30/2013,4.16,2/24/2002,5862.62
4298429508,184,2/5/2015,3.48,6/13/2005,5283.4
2509121236,193,10/13/2020,4.91,12/5/2015,8801.01
1493139913,103,10/15/2001,7.53,5/12/2003,7253.98
4181422558,114,9/26/2006,1.2,4/20/2012,146.51
3557673470,139,5/9/2010,0.53,8/23/2018,7610.61
6875003521,132,5/18/2017,4.94,6/14/2017,4038.66
7521906692,103,1/27/2016,2.88,8/10/2000,1184.48
5550775032,12,10/7/2000,9.03,5/16/2004,7420.71
8353555184,177,5/5/2021,0.45,8/8/2009,1253.03
2255159318,133,8/26/2000,7.81,7/18/2011,1874.36
5779717570,31,12/12/2006,4.8,9/2/2004,5843.19
2344529451,181,12/14/2000,4.1,4/27/2022,6912.4
3527648057,5,10/29/2013,5.77,9/17/2004,2184.22
2806936855,26,8/9/2006,9.29,11/29/2013,8752.84
9565861586,108,6/10/2021,8.89,2/11/2012,8910.83
3054137968,119,4/14/2005,2.39,9/16/2016,9927.34
9061955176,153,5/23/2019,7.15,10/5/2009,7605.33
5001424241,138,1/21/2019,6.78,8/16/2003,7325.07
2053359831,153,4/19/2021,7.08,7/2/2001,9825.67
1867132180,38,11/10/2004,7.65,8/30/2012,2661.03
6925051229,4,3/1/2003,2.51,12/3/2022,3491.05
1735375407,131,9/7/2012,6.18,1/1/2013,1408.52
8782654257,46,1/15/2004,3.05,9/26/2014,7001.39
8521448111,140,4/30/2009,0.03,2/16/2021,5096.44
6647667461,24,12/26/2001,8.56,3/19/2006,8869.49
9070911559,189,9/28/2022,5.21,1/2/2015,4105.52
3090532371,2,12/6/2001,4.26,12/27/2022,2044.7
9341214052,143,2/21/2011,6.08,1/19/2005,7190.06
7976714306,2,7/1/2009,6.74,9/27/2004,3883.28
5175993834,164,3/14/2006,1.69,11/22/2002,4071.62
9108956316,41,2/1/2011,4.67,7/29/2000,5314.84
9631783339,89,11/23/2012,5.4,6/5/2004,2806.05
8565940705,191,12/17/2019,3.29,12/3/2003,4537.29
1843743454,95,10/9/2014,4.62,12/30/2022,3924.64
5074892580,72,12/18/2012,5.62,1/1/2011,7685.78
8079333046,187,1/5/2011,3.65,9/25/2005,420.7
4181119957,103,2/24/2009,7.82,11/29/2013,8427.04
8632630070,198,1/23/2011,9.3,3/25/2001,7500.25
2097174652,143,8/7/2011,5.92,10/20/2019,8557.11
8804270370,60,10/17/2002,0.1,4/17/2014,6066.52
1965281608,109,7/11/2007,4.68,2/19/2001,9286.47
2150752352,140,2/8/2022,5.11,5/16/2013,9704.27
7484787672,8,5/16/2019,9.72,1/14/2018,111.15
6002367696,164,1/31/2008,5.31,1/11/2004,2851.56
3241561235,27,7/15/2006,5.91,5/11/2021,3645.35
6932628699,196,11/4/2002,4.29,9/20/2000,9206.55
7671466626,52,12/28/2021,1.6,8/6/2013,7024.19
2316707154,132,1/3/2004,7.22,9/1/2017,4646.41
2116980291,29,4/12/2009,0.44,3/22/2014,8256.76
4518799156,122,5/6/2017,0.32,1/3/2010,6479
9428213209,140,3/14/2011,4.77,12/15/2006,978.64
1495855256,63,6/25/2000,2.44,1/2/2018,9736.57
5980231764,80,9/27/2010,2.4,5/29/2016,2400.4
5297575554,15,8/19/2013,5.64,1/24/2010,7398.14
9421103514,35,5/8/2020,4.93,8/23/2017,4824.14
5825172525,102,6/9/2002,2.01,2/6/2012,2088.66
1979498038,128,6/13/2016,0.76,3/29/2019,9386.44
8610878391,188,8/28/2006,2.8,6/26/2000,9166.21
5387870582,45,6/19/2016,0.94,3/26/2018,366.71
2210826659,114,7/28/2001,6.41,1/5/2007,5123.14
4073741558,35,4/7/2006,4.7,10/27/2008,9856.9
7221693230,19,6/27/2005,7.31,6/13/2009,5822.52
1176968807,4,5/6/2016,9.38,8/9/2016,1358.83
7995725118,158,11/6/2019,2.47,1/27/2013,4895.56
5671473485,47,5/26/2005,0.98,12/25/2004,26.52
1508911857,5,4/30/2013,6.38,5/10/2004,2741.38
9470971861,68,3/3/2001,2.64,11/15/2003,3443.31
7524755402,75,3/3/2008,8.24,8/23/2014,9256.8
3610464419,159,10/5/2012,7.28,8/2/2002,572.21
2454079180,124,2/9/2004,7.85,5/3/2014,6763.8
2976415257,117,1/3/2005,5.36,1/1/2016,2255.26
3911613613,24,11/2/2012,5.77,4/7/2013,1454.52
2144420377,60,10/6/2001,0.94,12/30/2017,641.35
1816173477,137,8/6/2014,2.55,4/25/2001,3936.91
7184797883,28,2/6/2002,4.77,4/23/2020,600.35
4561792980,144,9/4/2022,3.49,2/19/2015,1664.91
4189325847,5,3/8/2019,5.87,3/23/2006,4453.2
2645949754,134,10/29/2006,0.63,11/16/2012,4171.63
5723119398,15,10/17/2000,6.77,4/10/2005,8659.3
5536088202,181,10/21/2010,0.08,10/30/2017,2134.86
9181265017,77,8/2/2005,6.67,7/22/2009,4205.24
9258176525,38,7/5/2003,4.22,12/11/2015,2313.63
5393119299,92,8/14/2015,4.89,12/13/2022,9685.21
3522672336,32,11/2/2003,4.8,7/7/2002,9629.94
2314893406,61,3/24/2018,9.53,11/20/2017,9720.26
5109295493,163,12/18/2022,9.7,11/29/2021,3602.59
3722211670,148,7/25/2014,3.27,1/16/2011,6243.81
1490547568,68,8/15/2004,3.08,2/27/2009,3342.6
6361204166,23,9/3/2009,7.46,6/13/2008,1335.29
7108927765,145,9/6/2019,5.76,2/25/2004,2472.25
3756666927,110,11/30/2021,1.96,7/5/2003,3193.8
5158184166,200,9/18/2002,6.9,7/27/2022,93.81
8445333210,140,3/24/2019,7.8,10/16/2003,3657.56
9490549223,138,2/7/2010,6.38,12/30/2007,5973.15
8504282361,27,2/15/2006,9.38,7/12/2011,9813.81
3651336086,161,12/25/2009,7.93,4/25/2021,7065.29
4726672514,193,8/9/2004,9.96,2/28/2008,5224.55
2686501953,34,8/4/2002,6.62,10/7/2006,8564.65
9934306123,113,8/23/2009,6.54,8/14/2006,4676.12
7770758517,29,1/18/2017,2.99,2/16/2013,3775.48
4851825858,85,3/6/2005,6.1,1/7/2016,6254.23
9710381101,78,10/30/2017,4.65,5/30/2004,7318.4
2730549499,146,11/23/2014,8.96,4/29/2021,4188.12
9757663868,132,2/19/2022,3.81,7/5/2008,8366.28
8251044650,156,4/20/2013,1.12,3/24/2014,8526.69
8938933489,132,11/24/2009,6.27,8/1/2005,4026.66
1014275632,138,3/9/2007,9.14,10/30/2002,9693.78
5038063513,127,2/12/2020,7.65,3/27/2002,2004.3
4183782639,69,5/20/2016,2.08,10/22/2010,3890.27
6711429988,18,3/20/2012,5.83,4/3/2003,5974.06
6701615329,124,12/4/2022,2.57,1/13/2001,6122.33
5940277408,111,8/24/2004,7.01,3/13/2002,1246.44
5632192901,29,1/6/2000,4.05,3/4/2021,75.09
6614222037,72,3/4/2021,7.23,9/22/2003,8405.46
8526568276,71,3/1/2012,3.99,8/18/2004,5255.4
8199153075,72,12/1/2017,1.34,9/28/2001,8322.02
8334574240,89,7/31/2009,7.36,8/22/2021,9607.42
3998896432,33,5/20/2009,4.1,5/22/2021,7528.98
8140910078,9,9/16/2017,1.01,12/4/2012,5101.78
6791529609,166,3/1/2001,1.62,2/14/2011,434.25
6573375718,117,1/7/2005,1.37,8/16/2002,505.14
9967509057,136,5/23/2013,8.68,3/9/2015,4127.3
4410355824,118,3/26/2005,7.46,3/19/2022,6919.79
1199613721,193,8/13/2001,9.56,10/13/2004,4968.36
7143785584,182,5/30/2012,8.95,6/15/2004,3674.99
8678431010,14,2/27/2021,8.49,6/17/2010,3164.49
6492874612,131,6/17/2001,3.19,3/21/2000,3378.43
7245749564,187,6/8/2020,0.57,7/17/2002,9461.21
4542284427,161,1/19/2009,8.43,9/22/2018,6638.94
3606739565,181,8/14/2009,3.71,5/30/2014,748.54
5850020624,1,10/26/2019,9.93,1/19/2009,8360.8
4692338625,80,10/30/2022,1.56,8/20/2007,9872.68
7774310202,168,7/25/2007,6.82,9/10/2012,9594.2
8009143202,150,10/2/2004,8.06,2/13/2008,8445.89
9309719357,70,6/14/2022,7.8,3/3/2019,9241.31
1809702642,11,7/12/2022,2.88,8/5/2016,4083.14
2787672352,57,10/17/2020,6.1,1/3/2009,5709.54
6694655389,189,1/3/2012,7.63,1/15/2017,7122.54
6549588011,106,4/17/2022,8.28,5/21/2010,7444.55
1118922136,128,8/5/2019,3.67,5/29/2009,5166.15
6749113879,166,4/11/2000,5.11,11/22/2021,3643.63
1333148315,86,12/15/2002,0.3,7/7/2001,3115.87
2895065436,72,5/3/2013,2.44,4/30/2020,4800.61
3974180513,197,12/28/2019,4.82,8/19/2008,9526.93
1451878957,171,7/8/2011,4.32,6/29/2017,4997.09
6492923445,199,7/29/2016,4.26,12/4/2020,5822.24
4505089796,195,4/9/2005,9.86,5/31/2012,4588.91
4514845493,155,2/25/2007,2.29,8/16/2021,2097.37
3554042476,6,12/22/2009,5.4,4/30/2018,4602.2
9406994253,113,12/26/2013,3.37,8/28/2006,8141.98
9033905835,114,9/21/2016,6.53,7/31/2021,4181.38
3717180324,113,4/18/2015,8.24,2/20/2020,4228.11
5324970364,144,5/14/2021,3.15,2/9/2016,634.74
1492753726,103,3/4/2011,0.08,5/17/2011,4473.32
6921165720,70,6/18/2004,9.65,12/11/2011,97.89
9576850416,11,9/20/2002,7.74,12/12/2007,4562.66
8930399634,48,8/17/2001,6.98,4/11/2002,3913.12
9013180107,108,11/1/2004,2.77,5/3/2002,7607.63
1372929543,5,5/16/2016,5.04,9/10/2006,3795.74
1385669210,58,4/24/2010,2.4,6/12/2014,7391.03
5742482739,97,12/16/2010,0.92,9/15/2013,3138.84
8005718255,120,11/22/2005,5.48,12/17/2016,9402.82
5574450741,145,12/23/2013,3.87,8/22/2016,5330.28
9154914374,153,8/7/2011,8.52,1/22/2021,4600.19
1409188293,199,1/25/2010,6.8,11/16/2012,9066.68
2941465809,136,11/28/2013,5.42,11/14/2005,23.39
4318003646,141,3/10/2010,5.58,11/15/2012,2710.63
6430036362,116,7/8/2021,2.95,7/12/2014,5973.32
6869162318,41,8/29/2006,4.05,10/12/2001,8198.18
7831607791,179,3/13/2018,6.18,9/10/2022,9696.8
2728083252,132,11/13/2000,4.01,8/9/2001,94.81
1371348506,9,7/8/2005,3.3,2/5/2012,9103.87
3238813310,42,8/23/2001,8.76,3/30/2011,5612.74
7444585632,75,8/26/2010,7.28,1/26/2000,1612.67
5130973975,188,3/15/2009,7.54,7/5/2004,7118.68
6028453950,159,2/26/2012,3.94,5/1/2020,1396.97
9841640866,13,12/21/2008,0.32,10/15/2021,9290.24
8945784748,119,11/15/2012,5.47,9/28/2019,528.08
6579419722,193,1/16/2002,1.42,3/13/2000,7521.43
4734061302,145,4/18/2020,6.96,6/15/2016,7889.62
5516948324,180,5/22/2019,3.25,1/11/2014,6586.9
2557080885,24,8/31/2009,9.43,12/27/2016,6906.33
1096538942,4,1/25/2012,5.2,9/4/2004,2207.51
6958525087,82,10/30/2016,0.64,11/17/2018,3024.28
8721562939,131,1/4/2022,2.11,6/5/2001,6096.36
1262652143,74,3/12/2001,2.03,9/17/2009,2830.29
9263341155,9,9/28/2006,0.11,11/28/2017,4833.14
9687053624,49,4/7/2007,0.08,10/6/2000,9586.75
6267018382,121,9/7/2017,8.91,12/23/2009,4722.6
4412068289,160,1/23/2001,5.19,10/26/2008,5310.19
3322277098,105,9/10/2009,7.69,12/13/2010,214.36
1153104184,127,11/9/2009,1.86,12/18/2013,3516.08
5448536346,100,2/14/2013,6.14,5/16/2008,146.97
1016885001,137,5/14/2007,8.76,11/25/2011,4415.4
1077446009,103,10/2/2005,4.72,12/2/2000,7623.26
6913123161,104,9/5/2017,4.48,5/24/2006,5084.03
5260148271,171,1/15/2018,1.41,2/24/2004,4769.88
5880622503,131,8/25/2013,3.46,4/2/2005,236.02
8145534558,105,3/11/2016,1.85,7/17/2006,4381.86
7319524548,67,7/27/2009,9.28,3/14/2006,5491.36
7828008068,105,4/14/2014,6.26,9/1/2015,5744.98
6765343938,23,2/18/2001,0.95,2/13/2017,624.08
3198441458,141,1/31/2001,0.18,7/21/2015,6339.92
8667053881,38,1/30/2010,7.14,7/11/2013,529.69
4438031879,188,7/20/2015,5.76,9/22/2010,9956.95
9900850519,182,12/12/2016,3.25,7/4/2022,9364.23
6065094998,56,9/25/2022,1.22,12/13/2017,9831.4
3064705414,62,7/4/2005,5.2,3/19/2005,4325.15
1263382956,161,10/20/2021,4.46,11/19/2012,9263.95
8993259349,16,6/8/2019,9.98,10/27/2001,380.17
1302803574,45,7/22/2005,6.42,2/23/2000,1826.57
4768298251,144,5/27/2011,9.27,6/10/2017,2640.05
9352014489,33,12/4/2004,2.17,3/17/2014,2934.68
6001772620,25,12/12/2014,8.38,1/11/2018,4958.31
6762922346,2,12/15/2018,5.69,7/16/2005,1151.41
7667187634,56,9/14/2001,3.81,12/22/2007,1907.96
5825806173,194,10/6/2016,3.51,12/8/2008,159.35
1849112675,58,11/16/2018,3.16,12/12/2014,3314.47
2914466869,14,8/10/2011,8.54,5/22/2004,5825.22
4264894751,89,7/9/2014,7.57,9/6/2017,1149.05
5590037246,161,8/1/2019,0.99,2/9/2002,6001.64
5664734102,189,2/26/2012,2.96,2/20/2022,1235.12
4930089371,113,4/8/2001,5.69,12/22/2018,3807.57
6769829661,9,7/21/2022,5.41,8/2/2002,864.79
2164053045,200,3/31/2004,2.91,7/29/2005,1842.75
3281005474,21,8/23/2020,2.68,7/27/2004,9882.3
2930073390,154,11/30/2004,1.91,12/12/2009,4568.36
9328420526,62,9/6/2019,9.79,12/5/2008,8228.09
7475402434,181,10/6/2006,2.19,8/16/2009,1055.46
2032923086,188,6/18/2012,1.35,2/11/2021,3509.84
2347003881,25,9/28/2014,9.74,11/6/2002,4282.41
4398017920,17,4/28/2005,0.86,9/15/2000,2353.03
5777563816,170,9/4/2013,2.85,6/3/2008,2366.04
8512063183,2,10/10/2001,7.87,8/7/2018,3194.97
2370272430,97,7/12/2018,1.17,4/21/2016,9294.06
2005565192,150,12/6/2003,5.53,9/28/2015,4236.91
3221017936,185,2/14/2007,9.91,12/23/2013,2967.58
1412839306,156,5/29/2011,0.02,5/5/2020,5403.87
7370148974,63,7/9/2021,1.36,4/5/2012,7178.79
9478878823,159,4/26/2019,2.53,7/23/2006,2373.43
2053503963,117,8/28/2002,7.47,7/14/2005,9537.54
7582376836,150,7/8/2016,4.81,3/7/2001,443.64
4092562160,151,7/20/2005,5.59,10/10/2012,7247.9
5476007901,113,9/2/2007,3.5,1/28/2013,7136.86
2727014967,174,4/23/2019,1.72,3/28/2000,7841.6
5191781160,61,12/21/2016,0.24,11/13/2021,8668.63
6148550638,50,2/13/2003,3.48,10/18/2016,2579.53
9535862161,92,4/10/2011,0.82,10/16/2015,217.75
1634895571,114,7/13/2005,0.56,4/20/2016,6032.55
8434685278,179,2/4/2002,9.04,5/18/2003,9018.89
5982659273,10,11/16/2009,6.38,12/18/2002,8706
7905112934,107,5/26/2000,2.49,11/24/2019,8712.99
3610647029,188,5/9/2019,7.31,10/5/2016,2292.91
7285184315,96,9/16/2017,1.58,2/22/2020,2005.13
6222122275,2,12/27/2018,4.61,8/21/2010,7661.06
8526988051,32,6/17/2010,1.17,2/18/2001,7442.04
4145193627,60,11/24/2014,4.05,11/19/2002,1765.94
3647468452,83,5/4/2015,2.56,4/8/2019,2935.64
9172602145,39,3/26/2014,8.5,3/3/2018,4609.44
2556837247,81,9/28/2000,3.2,9/1/2000,5144.3
3282004023,58,10/17/2014,0.08,12/10/2016,6909.04
9426245912,139,7/13/2008,6.91,11/20/2002,9510.35
5532115866,103,9/18/2018,7.44,5/4/2020,8374.95
6329939624,177,1/6/2013,5.4,1/20/2004,9084.09
7465752430,100,3/16/2008,7.74,6/6/2021,6166.17
3576859419,139,1/6/2007,1.44,10/17/2016,5426.76
4946190510,96,3/4/2007,3.12,9/27/2020,5494.53
2405998494,82,1/7/2015,0.68,4/30/2015,3949.35
1885290012,53,7/10/2015,7.04,8/18/2010,6334.97
5675733051,34,3/24/2017,0.62,7/3/2014,1819.92
8248254119,80,7/5/2006,4.02,8/24/2005,2478.9
2822073309,51,5/26/2021,8.3,11/2/2008,3581.84
1089330435,171,3/5/2022,0.14,10/23/2015,3811.44
6554233995,182,10/6/2000,2.44,1/21/2018,175.35
8234602294,183,1/7/2019,1.92,4/18/2003,5478.7
1040219962,173,3/31/2009,0.63,12/9/2018,754.29
9671540650,162,10/2/2012,8.53,11/25/2007,8403.84
8640945559,28,3/30/2009,5.19,4/6/2010,9517.5
9225751562,174,5/6/2008,2.4,3/13/2003,7820.92
6487165389,194,9/21/2004,6.88,6/3/2022,5467.31
8943744897,179,3/30/2004,2.33,1/6/2005,5870.74
2192724420,91,2/8/2014,8.55,3/25/2021,2229.65
5437432094,24,11/27/2013,9.35,11/16/2003,301.24
5826060628,177,5/16/2011,5.24,10/25/2016,4117.64
5884204481,54,5/15/2018,9.12,9/29/2011,5057.88
1233850747,155,5/16/2005,6.47,1/24/2022,1732.47
5605052512,193,7/1/2006,2.64,4/18/2013,394.03
3867697728,6,8/8/2008,8.88,1/13/2006,9482.16
5709591217,77,9/29/2019,9.89,11/23/2003,5242.77
2281748328,196,2/5/2011,3,3/14/2005,5259.13
7230953892,54,5/26/2019,8.51,4/18/2014,3373.99
1316030390,83,2/26/2018,0.2,8/9/2009,2434.04
3892376647,50,1/15/2021,2.55,1/24/2021,6854.68
6154015108,39,5/5/2017,2.71,1/31/2015,2696.21
8340832991,32,10/28/2001,9.97,10/20/2020,3668.41
2962509661,164,7/20/2020,2.16,6/12/2022,2694.2
4158563433,183,11/8/2008,3.39,8/19/2014,6373.37
4021352955,98,11/3/2002,1.27,12/29/2012,2529.43
5739084136,145,1/23/2015,5.99,5/5/2009,8942.14
4466534170,173,8/21/2022,3.69,4/6/2003,6346.28
8087277311,112,3/7/2014,3.99,1/25/2013,6053.3
4605028458,135,10/22/2014,4.01,4/21/2006,6710
5442680555,161,5/30/2017,6.3,11/27/2014,3680.28
5692111373,74,4/17/2012,3.2,1/1/2014,1965.88
3713146923,21,12/25/2016,4.49,10/14/2014,4633.49
5832528008,17,3/8/2019,7.38,12/3/2008,5814.59
2094251253,23,11/25/2002,7.1,1/9/2002,490.39
3975528370,24,6/21/2016,0.48,2/6/2019,1881.32
3585616904,125,3/12/2017,8,9/18/2006,1641.53
7593940596,40,8/25/2022,3.98,12/3/2020,4007.74
5567929873,168,5/4/2022,5.81,11/8/2017,1400.23
8084177738,150,8/25/2000,7.02,1/7/2018,9758.79
3269639633,24,8/3/2002,4.6,11/17/2004,5468.65
9912531982,28,10/12/2005,6.7,7/12/2001,1275.41
2784593779,21,9/26/2001,6.66,3/15/2014,9965.64
4027411386,146,1/6/2022,0.74,9/22/2003,2314.3
7744623298,66,6/23/2001,7.92,11/18/2003,9826.52
5944972272,77,11/10/2015,2.82,8/4/2010,774.7
1040789983,112,3/5/2006,4.75,5/28/2002,9586.7
2655068043,152,4/21/2002,1.74,12/31/2019,5607.1
1679746617,62,11/15/2000,7.97,4/1/2007,8505.39
7548157163,59,12/11/2001,1.19,12/12/2019,1969.26
3659750194,132,6/24/2009,6.78,7/22/2010,4399.15
7053289612,60,3/22/2020,5.56,12/14/2004,7437.07
3155358925,99,2/15/2001,5.79,11/26/2022,4529.74
3255391033,59,3/18/2020,2.99,5/20/2008,7221.05
3265813046,37,4/11/2001,7.4,9/6/2017,1268.63
1273689500,145,5/18/2017,7.11,6/21/2017,5178.39
7640929754,24,6/22/2002,5.53,1/26/2016,4546.08
4249140138,118,9/13/2013,2.49,11/12/2021,5855.47
9880469839,84,1/19/2018,6.03,10/19/2005,2544.97
5460263498,88,9/28/2000,5.25,10/1/2000,1264.67
9484102934,87,5/19/2010,9.24,9/16/2010,6327.14
3169434725,104,8/1/2008,3.92,6/14/2004,8079.45
4104585790,13,12/11/2012,5.54,3/16/2018,1792.04
9740660700,121,12/16/2011,7.73,8/22/2011,1170.95
3277246857,71,11/28/2018,2.8,10/19/2009,1943.66
5535342581,140,3/24/2009,6.1,4/17/2021,9070.08
2098851340,137,2/16/2002,4.17,10/14/2001,6013.79
6087716310,129,7/19/2012,1.73,11/29/2005,8830.11
3670627504,183,9/9/2005,2.42,6/22/2018,6647.65
8214135098,157,8/9/2005,3,12/9/2020,8872.76
1223812920,163,11/15/2014,3.13,9/30/2019,6428.54
8464820774,167,4/15/2000,9.94,3/1/2008,879.56
9822181248,7,10/6/2000,5.18,5/17/2015,8619.04
8301763853,56,6/10/2022,0.31,9/25/2001,2176.19
9126314322,146,9/8/2019,0.73,6/12/2019,761.4
4704481956,1,3/21/2006,0.6,4/19/2012,4996.43
2069540579,47,11/27/2013,5.75,5/26/2009,4115.83
6689711299,160,12/31/2000,9.34,5/23/2009,3602.57
3686257208,110,3/16/2022,3.24,3/13/2011,7018.03
1859316452,119,6/3/2013,6.88,6/29/2019,8368.48
6903671004,67,6/14/2005,5.67,8/31/2021,9271.06
6534996619,26,1/3/2017,5.81,1/16/2017,1514.12
5661832492,103,11/21/2019,4.79,4/11/2007,7563.01
8902878367,183,5/20/2019,8.73,9/21/2013,4993.54
7039968555,3,4/14/2011,4.7,8/31/2003,9430.95
2722573037,123,3/1/2019,5.23,12/9/2000,639.85
2762315379,98,11/5/2001,4.13,12/5/2020,1768.38
2948549348,95,11/26/2002,2.59,1/13/2011,8857.1
5764945637,178,8/14/2019,1.47,12/7/2001,1971.28
8569140100,80,8/2/2013,3.93,4/5/2006,3758.07
3652353266,83,9/3/2004,8.25,1/17/2014,4553.83
4238665180,139,2/15/2012,4.64,11/28/2005,1459.92
9413427269,72,3/17/2020,0.34,1/14/2008,8722.16
6242824204,2,1/9/2021,6.15,6/15/2017,1051.1
4919951219,179,2/26/2007,1.58,7/14/2002,9232.45
7540486004,189,4/17/2013,5.82,4/22/2015,3313.09
1421231878,132,7/10/2011,2.5,10/1/2005,8902.69
2590911583,162,3/26/2007,3.9,9/7/2006,4650.28
8437219656,60,4/24/2004,5.28,1/26/2010,478.91
2363815965,124,5/14/2001,7.19,2/27/2019,6638.93
2101776644,160,7/2/2020,2.83,5/26/2016,7200.05
9704217789,44,3/26/2005,8.87,2/20/2015,2059.32
9427414820,64,7/3/2007,4.35,5/14/2019,5254.1
7591803212,78,11/13/2006,6.68,8/26/2003,498.51
5406916972,86,12/30/2012,1.47,4/13/2015,719.92
9003374537,71,11/24/2017,4.56,10/19/2006,4586.73
6526138176,130,5/9/2007,3.14,5/12/2021,4616.44
8834370577,137,5/4/2003,6.73,4/10/2014,3731.18
2244783057,3,9/7/2008,5.62,11/16/2013,579.38
4171739385,179,4/25/2003,4.94,10/8/2019,9899.19
6200697646,75,3/22/2002,5.38,3/12/2019,3006.88
9007341184,41,4/6/2019,0.34,7/27/2011,5567.33
6743328986,28,10/28/2020,9.94,5/12/2014,9826.7
7152663586,73,4/19/2002,7.95,4/8/2007,4770.53
7996280954,101,11/7/2008,0.57,7/11/2019,8378.34
2292170475,19,6/11/2002,7.77,9/8/2004,7923.16
2564701963,173,4/23/2000,2.97,7/11/2017,2809.91
8016107977,47,6/22/2002,2.91,8/13/2010,7899.11
5424947138,124,10/22/2020,4.44,10/15/2015,7493.05
1113652042,90,5/25/2001,1.61,7/15/2007,980.84
1459748427,27,4/13/2006,6.08,9/19/2020,7451.82
2715598248,124,4/22/2001,0.69,12/3/2000,4081.95
6097364830,136,7/23/2016,1.83,6/2/2006,8948.2
2596529974,77,5/9/2013,7.17,11/12/2019,2321.81
4382630570,74,1/28/2020,8.15,3/2/2020,5018.48
8696350205,5,9/26/2018,8.74,8/2/2002,9525.65
8960152846,98,2/24/2006,9.61,7/8/2009,9302.83
9190615079,31,8/16/2003,1.69,11/23/2009,5275.26
9178617201,45,9/18/2008,9.97,12/27/2013,5958.44
7091829428,125,8/22/2022,2.91,11/5/2020,2653.74
2701385405,50,9/12/2009,5.89,8/4/2009,8368.1
7248382763,4,6/26/2003,2.27,4/12/2014,3708.73
5656381503,18,6/15/2000,4,1/3/2006,3414.68
2480638044,53,6/15/2016,6.78,7/3/2010,7027.67
1330060828,5,8/2/2022,2.88,7/11/2001,1409.88
5187079141,165,8/10/2010,2.41,3/19/2018,4620.94
1382235952,108,9/28/2015,1.61,7/27/2011,7969.07
7172351154,42,3/27/2013,7.31,6/7/2012,9534.51
2575506659,9,1/13/2022,7.35,12/14/2012,2330.17
4918997034,163,9/19/2004,7,8/20/2015,9959.54
4855545736,47,7/30/2007,1.18,9/16/2008,7983.31
9220014294,159,6/21/2014,7.83,12/13/2012,4816.89
6364720679,111,5/9/2002,0.63,2/13/2013,3019.97
2159810745,28,9/1/2002,6.29,7/2/2003,397.3
6084139132,58,5/22/2011,4.19,8/10/2002,7118.22
1326509803,89,4/12/2017,3.96,1/4/2013,546.92
7207544630,38,1/23/2001,1.53,4/14/2015,2458.13
7516260022,55,11/18/2008,2.73,8/25/2019,6571.31
9710337358,135,3/1/2005,7.44,6/20/2003,9245.73
3213568299,26,6/11/2000,5.64,4/30/2020,6126.05
7033008842,142,12/30/2004,8.7,5/6/2022,7439.21
2005948834,46,5/25/2017,9.91,10/25/2009,8253.31
2314667994,166,9/9/2000,5.76,2/9/2001,4836.15
7839379506,139,5/30/2002,0.42,9/28/2019,9469.53
1960502648,171,9/27/2006,9.6,4/13/2018,2520.08
1351158016,196,9/11/2022,6.93,5/19/2009,5469.62
7491770792,182,8/26/2021,3.89,9/25/2014,1653.13
6308493155,185,4/23/2015,6.75,5/9/2008,6607.95
9704470760,135,6/15/2022,7.41,11/21/2015,8512.63
3729571174,183,12/27/2013,1.57,3/6/2010,4453.24
9936705746,83,9/21/2000,5.38,2/26/2017,4613.24
5623317198,175,5/30/2004,2.83,3/17/2021,7060.09
5727401559,21,3/4/2009,2.22,5/20/2012,2881.93
1665316247,51,1/27/2005,7.38,12/20/2009,5590.21
9225615919,102,7/23/2016,2.88,3/20/2015,7477.47
2880761409,186,12/15/2008,7.78,6/27/2000,9068.69
1869951489,194,6/7/2000,5.42,3/29/2006,1895.58
2895638426,25,7/16/2003,6.21,12/28/2021,3263.15
7538720928,139,2/2/2013,6.25,1/18/2003,8913.15
1718899538,45,7/5/2010,9.64,4/8/2009,3722.43
1360251839,183,9/24/2022,0.68,4/3/2001,9554.92
3760871537,78,6/26/2022,0.28,12/21/2012,5955.35
3286834268,120,7/6/2013,7.63,9/25/2014,4561.56
7574530563,172,1/10/2005,9.03,3/18/2009,1709.7
6825585439,37,6/19/2022,8.66,5/20/2006,8108.64
1823859737,39,10/30/2018,4.17,7/28/2016,6952.65
9360032042,113,5/20/2005,5.21,1/4/2013,2455.73
1167211685,166,4/3/2006,6.23,12/17/2006,5861.25
1012291819,80,9/25/2017,8.8,9/25/2022,1509.28
5031005761,46,11/23/2004,8.77,10/12/2001,2785.05
7125022325,137,10/6/2011,4.78,3/4/2015,626.47
2534498931,80,8/17/2007,3.4,1/31/2011,7928.15
3711633277,38,11/1/2008,5.22,1/27/2014,7774.3
3535196664,56,11/26/2013,6.18,3/20/2004,627.58
4438939454,50,6/7/2011,4.85,10/25/2008,8423.83
9609857178,188,5/10/2006,8.52,7/12/2002,5165.57
1488409212,169,3/21/2005,7.4,11/1/2006,6138.86
9636721396,197,11/3/2004,9.65,8/22/2007,8003.58
2043326716,6,8/26/2002,6.25,11/19/2016,4835.7
7370485194,59,6/15/2022,8.53,4/11/2022,8168.63
9518312985,118,2/14/2017,8.96,5/22/2018,8677.49
8642647872,133,5/14/2008,2.64,9/6/2014,8307.55
5757413236,141,10/4/2021,9.18,4/10/2014,8293.14
6347646177,141,3/5/2002,0.66,5/20/2018,4400.53
7548072835,127,6/11/2009,3.63,2/2/2010,3215.18
3376373489,154,1/7/2014,8.94,9/24/2009,9803.46
9775131736,37,12/16/2017,0.06,3/28/2001,7769.83
4137816153,181,8/26/2014,2.91,9/6/2001,5407.77
7725281009,34,1/28/2021,8.72,5/27/2008,8098.04
4167241780,80,12/28/2008,7.46,2/10/2001,6925.63
3469574097,1,3/13/2004,2.68,2/1/2009,7336.8
1295006405,21,3/24/2009,2.46,6/29/2011,1947.34
7522151606,114,10/23/2004,2.89,11/26/2007,2025.23
1514260302,54,8/10/2008,6.1,4/25/2003,3740.92
3699739278,114,8/21/2014,8.64,6/13/2013,9899.56
2392733816,113,1/5/2020,1.58,1/11/2022,6510.14
7584300208,50,10/13/2007,8.64,9/19/2001,4084.37
7182306548,68,7/21/2008,2.27,8/18/2006,491.51
5532231099,46,5/26/2020,6.82,1/16/2020,1251.3
8526452313,127,4/21/2008,0.99,4/14/2020,3130.08
8783030538,174,10/28/2021,9.29,9/6/2014,9484.29
4589850278,17,12/27/2005,5.28,2/5/2021,4063.99
7935993754,35,2/7/2006,5.23,2/1/2005,9023.79
4396776200,111,6/26/2014,6.85,5/17/2005,5563.87
3100749951,27,10/2/2008,3.05,6/15/2002,9556.68
3907976263,112,12/27/2019,3.66,1/4/2011,1593.22
6867529334,171,10/8/2003,7.94,10/24/2006,8161.71
5372131427,20,2/28/2014,2.73,9/18/2022,3266.24
6592231058,86,7/31/2017,4.94,9/30/2001,6287.77
7142172109,39,8/24/2016,9.31,5/11/2021,4616.12
8116752329,2,9/8/2020,7.72,8/27/2013,9536.61
7050832955,157,10/1/2004,0.38,1/23/2019,6676.71
3824229706,181,11/13/2005,3.07,7/31/2011,1865.68
8560865929,71,8/19/2021,5.71,4/27/2009,5212.02
2473389503,6,3/21/2015,2.5,9/27/2004,1177.48
5372367834,44,7/9/2009,5.81,3/19/2011,6574.47
2639277763,43,11/2/2010,5.92,12/11/2005,1865.41
5579822882,122,7/18/2009,1.6,4/26/2014,1538.03
4755385206,163,4/22/2007,3.73,5/8/2011,7641.07
1589024804,181,9/2/2000,7.26,12/19/2010,9483.9
6021548269,94,8/28/2010,8.9,2/27/2022,6877.51
7764873402,10,2/2/2005,6.11,12/3/2005,6276.23
4494560554,50,1/29/2014,8.51,7/12/2021,6625.14
3859298313,131,7/8/2003,5.41,11/9/2006,4281.6
9507148235,108,11/20/2011,0.17,12/19/2006,1439.04
4023010981,36,8/11/2000,1.7,2/26/2018,5277.45
5160910008,93,8/29/2007,4.92,2/16/2009,4802.12
1309941553,30,3/24/2013,4.61,3/15/2007,444.73
3095820716,28,2/21/2006,8.68,2/6/2014,9248.71
8734921676,98,9/14/2012,9.25,6/29/2008,2458.41
1133997206,150,1/6/2015,0.17,4/28/2003,3180.33
7000742269,3,11/3/2005,0.27,10/14/2011,6194.04
7765572119,81,2/26/2009,4.48,12/16/2015,2200.63
1829767726,144,8/8/2022,8.57,10/24/2015,430.98
8139186893,26,12/4/2003,5.7,4/12/2007,4596.17
4114481728,53,11/8/2009,8.44,11/3/2004,5675.96
2507771672,60,3/31/2012,0.57,12/6/2005,3754.75
3953165600,123,4/25/2000,2.39,2/7/2014,6880.98
8176079643,61,11/1/2021,8.55,7/17/2002,3838.33
7612491466,111,1/9/2002,6.45,10/18/2001,3232.56
4050676074,34,3/18/2015,7.76,8/31/2000,4759.15
9271023451,21,4/4/2006,9.64,9/28/2010,1469.71
3395825027,73,3/14/2011,1.48,4/29/2003,9430.29
4018251750,115,5/18/2007,3.83,4/9/2003,1839.93
6069538456,50,7/8/2013,6.48,9/12/2012,444.96
8263340449,87,6/14/2009,3.09,10/23/2001,2424.67
4441560114,85,9/11/2007,7.72,10/5/2016,5715.51
9073924194,142,6/27/2015,6.28,3/15/2000,7615.39
7196025428,13,8/18/2018,4.03,4/27/2002,1440.6
6120900534,191,7/9/2011,3.73,10/16/2001,7155.19
2470668255,128,12/26/2022,2.74,8/3/2004,6727.14
3423258480,99,10/31/2007,7.12,2/16/2007,3304.53
9359060015,44,4/20/2007,5.05,9/11/2008,7857.22
3456668226,183,7/27/2013,6.22,12/29/2016,822.56
6910632572,172,11/24/2005,8.68,4/26/2020,2323.13
5584132090,96,12/20/2003,1.43,1/11/2018,7146.15
8415764050,1,6/2/2016,7.63,2/5/2013,7630.08
9106965811,163,6/2/2019,2.85,10/12/2014,8715.88
6821607686,118,4/11/2020,2.84,2/23/2001,8306.48
8974144923,37,2/1/2003,4.39,4/19/2005,5865.88
5696845321,36,7/3/2017,5.58,6/12/2014,8548.57
7705521171,47,1/22/2002,8.39,7/30/2003,9385.65
3653733907,29,5/10/2000,8.62,8/22/2014,4630.4
2525117540,63,3/17/2000,2.97,5/27/2007,5041.52
4391104450,124,2/15/2019,2.18,5/2/2015,8991.5
8953078283,124,2/7/2001,5.39,8/19/2017,7671.91
4885018003,77,4/5/2019,3.91,1/3/2012,3738.44
6013492319,42,11/8/2016,6.25,2/18/2020,8842.67
9428412312,105,12/16/2016,3.77,12/27/2005,6422.3
2595185584,114,11/9/2022,6.13,9/29/2015,3466.44
4962373059,197,9/14/2022,1.14,1/15/2010,3040.48
3434413022,154,8/10/2005,7.75,2/4/2019,1638.26
6819689422,54,8/28/2003,0.03,10/15/2004,1716.31
7898275924,30,2/14/2019,2.8,6/5/2008,8152.36
1942762625,114,5/20/2004,8.79,3/20/2006,2433.23
8649755178,136,12/7/2018,8.49,2/22/2014,5164.62
3181897282,43,6/1/2001,5.59,12/6/2018,4503.56
2543854270,128,9/13/2015,2.77,1/19/2020,1810.36
6867166300,20,5/13/2006,0.25,6/16/2017,8150.31
7059966898,55,1/12/2014,4.38,4/11/2019,9932.99
8363382985,65,12/18/2020,5.96,11/12/2000,5245.13
5064758438,100,4/6/2015,3.13,9/1/2003,8980.54
9572618933,47,12/18/2007,1.16,3/16/2010,3533.27
2347459653,200,12/24/2001,8.1,8/4/2013,2807.2
3516790436,189,6/18/2021,8.33,10/31/2020,3687.63
1988860707,95,6/17/2008,5.15,4/20/2000,3204.81
9579265081,166,6/28/2001,5.43,4/27/2017,3177.9
7091667276,39,1/6/2000,9.31,1/16/2007,4904.19
8188454168,13,1/2/2001,8.22,10/5/2005,7562.5
1629866556,87,4/24/2010,5.86,5/19/2010,7649.93
5937467211,141,6/22/2000,6.01,8/20/2018,8190.58
1987471211,49,11/1/2020,9.75,3/13/2016,9168.99
1254629547,77,7/1/2017,1.44,10/13/2021,6436.89
2400212980,16,1/9/2001,6.55,2/18/2003,7699.63
8541194985,140,10/3/2012,7.97,10/23/2016,5081.39
5944819198,100,12/1/2001,9.85,7/21/2010,4087.5
5545491944,63,3/31/2002,0.63,8/14/2000,737.62
5669806227,181,10/3/2008,3.1,9/28/2006,5974.85
4208763499,7,10/9/2011,8.89,7/11/2014,5942.45
8290593528,41,2/4/2016,1.69,10/8/2006,5868.79
6721506606,130,6/14/2005,5.77,12/11/2018,548.43
1186334400,47,1/30/2000,7.99,5/11/2016,3627.13
3676611864,74,3/1/2010,6.49,10/18/2021,2092.29
8069359976,139,1/14/2010,6.44,7/23/2017,7481.16
1184497788,160,6/28/2011,6.66,5/9/2004,3309.95
5582709254,101,8/23/2005,0.43,3/23/2005,4105.68
2440181892,126,2/19/2000,0.62,12/2/2007,533.32
3252969605,146,5/9/2018,2.72,6/21/2007,874.83
4300773883,46,12/5/2009,9.36,3/1/2002,2618.92
1826476122,116,7/27/2015,3.72,10/23/2000,1586.27
8142108882,58,6/7/2004,8.39,1/18/2006,5771.93
9375652313,86,6/30/2003,5.09,11/25/2008,5034.47
1828432340,161,12/1/2018,9.05,7/11/2016,7263.66
5586141718,178,4/18/2020,5.67,10/19/2008,4996.73
9789488383,160,5/26/2003,3.74,7/11/2004,3292.36
2455919300,83,10/18/2003,3.28,2/29/2000,9971.83
4939324427,45,5/17/2010,5.8,12/25/2015,2221.25
6467743891,122,2/1/2006,4.39,5/25/2016,9656.45
4764036893,39,7/1/2005,5.33,7/24/2006,2416.81
5849048257,47,11/3/2021,7.95,4/21/2019,379.18
7147084990,184,4/24/2005,0.4,10/5/2012,4900.93
6196132539,103,1/13/2012,9.31,5/5/2005,5224.13
2757422256,146,1/25/2003,9.19,4/16/2017,9354.72
9629062539,165,3/9/2011,0.91,6/30/2018,6093.98
1133686177,134,7/24/2014,9.5,5/5/2007,1602.04
2155303625,142,10/7/2018,1.97,8/20/2004,4397.43
6271477561,197,8/9/2017,0.49,8/25/2015,4785.32
6362203958,101,1/9/2003,3.85,8/12/2002,1446.46
2269479063,176,11/3/2021,0.04,10/19/2002,7899.67
4450089441,28,8/14/2012,0.33,4/16/2009,2274.94
6508678055,102,5/28/2010,8.67,2/21/2006,8723.23
3360733320,38,5/22/2021,7.78,12/20/2012,9086.66
4002319886,144,12/25/2008,5.1,8/6/2001,2081.02
6461190721,197,4/28/2003,3.79,5/17/2013,5933.61
6799164323,14,9/21/2017,2.33,7/24/2001,6871.62
2617900991,4,4/10/2008,7.12,3/30/2014,4789.05
5468121565,175,5/9/2000,3.6,12/23/2020,3977.28
6815359835,123,10/29/2000,2.01,9/21/2007,2902.87
6200305001,174,9/27/2005,9.87,6/10/2018,2433.26
3859294946,72,9/29/2006,5.39,6/8/2018,469.19
8636972923,80,7/23/2022,8.89,7/12/2018,1325.38
5137400804,7,5/17/2009,0.41,8/22/2001,8123.1
9778438585,83,12/31/2007,1.43,1/26/2006,3876.73
9383113955,41,1/1/2014,2.77,3/7/2021,1178.45
6035838802,105,9/28/2011,1.37,4/3/2001,6991.82
8363121494,40,3/16/2007,0.7,1/16/2019,2563.03
5307407792,105,4/9/2020,8.06,7/1/2018,1501.44
2327741473,186,4/26/2007,5.57,11/10/2016,4955.68
2323155531,2,11/3/2006,0.35,12/5/2016,7162.31
9942007049,200,9/8/2021,4.74,12/20/2021,4993.44
5478844197,102,2/6/2014,0.99,8/26/2008,8666
6626620648,156,7/19/2008,1.06,6/9/2007,4031.37
6313747948,30,12/23/2003,5.16,10/3/2021,7519.18
1209798715,45,6/4/2015,4.39,8/12/2019,9231.41
7247635795,149,11/18/2010,0.56,1/1/2001,4351.34
5502572992,33,11/18/2012,5.48,9/21/2018,9629.05
4656086326,164,2/20/2022,5.72,9/17/2018,7968.7
3709721080,130,4/3/2019,1.22,4/4/2015,6376.4
2209112602,188,1/16/2016,9.72,6/3/2022,1491.04
5966833428,143,10/8/2007,7.44,4/24/2018,4324.31
9495740486,4,5/9/2018,7.07,11/15/2019,3261.83
8028812660,148,1/13/2009,6.75,4/9/2004,7717.91
9364216092,44,7/12/2001,8.94,4/2/2007,2882.06
6577509804,129,2/15/2008,9.45,3/12/2011,5092.43
5285811318,98,2/8/2019,4.37,1/25/2000,7966.49
6605938409,115,6/1/2007,9.07,11/26/2015,1658.68
8719225755,172,3/12/2012,2.1,2/12/2010,6398.04
4341548265,196,6/20/2006,9.57,5/24/2013,7721.77
4955748369,160,11/13/2022,9.92,4/3/2017,5336.29
4965447100,142,2/28/2009,2.17,2/13/2001,2399.83
3949730197,144,6/30/2018,4.61,8/12/2014,2731.61
5099189015,70,12/22/2021,4.78,5/31/2013,6216.2
1739571680,53,9/3/2006,8.02,8/17/2006,6100.66
1129870820,65,1/1/2019,2.27,6/24/2020,8239.68
1425562802,37,7/24/2005,2.41,5/2/2000,2906.82
3025412693,161,6/3/2008,9.32,6/21/2014,9125.08
7125971484,122,5/21/2017,0.79,5/13/2019,4738.01
2731286595,58,11/17/2020,4.87,2/19/2013,8290
3208373962,52,10/23/2020,5.77,5/11/2002,4995.33
7504348723,111,7/22/2013,8.2,1/3/2003,4386.21
2705763483,132,12/18/2018,6.03,2/8/2005,9622.2
8588453791,65,9/9/2012,1.65,2/21/2022,7843.51
8447718152,169,3/11/2011,2.38,4/24/2022,7653.53
5017625829,66,9/4/2011,1.32,10/10/2020,2388.02
3306051311,88,12/22/2000,4.78,11/1/2000,1871.72
7765057078,148,8/6/2015,5.09,11/21/2009,5701.8
9831471275,180,1/10/2008,5.55,8/24/2011,9762.4
4809316092,22,2/14/2006,4.32,8/25/2014,2417.46
2925614950,6,5/4/2012,6.59,7/28/2001,5172.38
3661847338,183,8/19/2007,9.59,7/28/2002,5737.23
6340232549,141,12/26/2020,4.18,2/26/2010,3966.74
6265360712,161,7/2/2007,5.86,7/22/2017,8005.4
7491887727,168,8/18/2008,9.88,6/15/2021,2582.12
5951893759,63,4/13/2014,7.38,3/11/2020,8739.92
1727911597,128,5/8/2010,5.55,5/27/2003,7544.76
1207024902,89,3/18/2006,6.24,6/27/2002,5040.46
9347222236,159,8/4/2010,2.32,11/3/2003,6214.73
7717576958,169,12/25/2010,3.68,7/6/2022,2321.71
1395012860,144,12/23/2006,0.04,12/23/2006,9216.84
8081383686,108,2/7/2007,7.66,1/22/2002,1890.46
9667259478,97,1/20/2007,1.52,8/6/2012,870.18
8480793537,115,9/8/2022,4.88,9/30/2021,941.57
9163638522,119,2/4/2020,1.88,10/10/2002,6134.49
8050951800,76,4/27/2021,5.68,4/3/2015,6714.36
6394970363,81,9/8/2009,4.64,10/9/2012,8306.66
6060912301,152,4/23/2006,6.39,12/12/2001,2345.42
9698318701,144,4/19/2010,3.05,9/8/2012,10.16
1330522671,130,11/19/2003,4.99,4/4/2005,1705.48
6332503827,6,3/30/2021,8.64,12/19/2006,3653.08
5326056547,82,1/2/2018,1.63,1/15/2004,9670.02
6122994565,188,5/12/2000,0,6/22/2000,3991.65
2262624937,16,7/24/2004,7.65,2/24/2011,2717.16
7482280197,110,11/22/2007,9.43,6/21/2003,759.18
2955352716,124,4/27/2000,3,1/19/2020,1676.34
5334949186,188,2/23/2010,2.12,12/23/2000,8077.4
3956949960,40,6/25/2001,0.57,11/8/2008,6098.74
6645291162,180,7/5/2002,5.47,8/3/2017,125.82
3385601779,9,11/12/2016,8.43,11/30/2020,1442.14
8791585301,142,1/19/2021,1.69,9/11/2021,7740.22
4887181832,39,10/3/2015,9.08,4/13/2014,3518.62
1680219969,134,3/13/2002,6.33,4/30/2021,149.85
6895006791,150,1/10/2014,8.26,12/2/2015,6882.99
7948928914,32,4/9/2015,6.03,10/21/2014,8989.49
9316768858,124,6/9/2020,0.77,5/29/2009,3750.48
4207370206,55,4/21/2009,4.88,8/3/2020,9980.34
4448341820,184,12/5/2001,3.49,6/18/2022,1791.25
7952649063,88,3/2/2017,4.69,4/21/2022,3984.9
6915172845,164,6/11/2006,0.36,11/23/2015,787.51
6348082071,74,3/15/2021,4.53,6/10/2022,522.52
6724767543,130,9/10/2012,7.81,3/30/2021,3118.98
2216506460,36,9/14/2019,3.61,5/23/2015,818.76
1625616837,172,3/17/2004,6.53,7/9/2021,6328.65
9022910478,7,5/24/2000,4.09,6/5/2020,9179.86
6429925458,119,6/18/2019,0.66,11/1/2021,3839.44
8837325811,69,11/18/2001,6.35,11/30/2013,4936.94
1113731748,66,3/10/2001,5.59,8/1/2013,5425.25
7458961632,189,4/28/2015,5.43,10/18/2000,8139.46
3427505709,28,10/30/2018,4.38,7/8/2017,2774.84
8593844229,5,11/19/2000,3.61,11/11/2019,5289.55
5870560094,186,8/13/2019,9.81,10/28/2020,2213.43
5297227773,72,6/16/2022,9.74,12/24/2013,2466.92
5310024069,11,2/27/2011,4.13,10/22/2000,6585.1
7983805166,18,1/4/2004,5.66,8/8/2002,9809.14
2088145227,161,11/4/2016,1.32,3/3/2012,269.54
2719054961,77,3/24/2013,3.91,5/20/2008,3626.26
4849172093,51,6/16/2013,7.2,1/26/2006,3634.96
8465579137,118,2/25/2004,9.18,2/25/2015,1219.57
4664713881,48,8/12/2004,4.1,10/1/2014,8691.2
8840151381,186,12/6/2017,3.39,10/18/2007,9788.31
8693849733,26,8/31/2002,3.28,11/7/2018,9745.51
8016831098,8,11/30/2015,9.22,3/10/2013,520.53
9386044901,129,5/12/2001,6.58,8/28/2000,5595.13
5351716394,165,5/21/2021,1.07,4/10/2003,7820.79
6457627658,143,7/14/2011,6.56,2/6/2004,7072.14
2948963816,65,8/19/2015,4.37,7/13/2001,4119.64
1768035215,52,4/3/2019,0.42,8/3/2002,7605.48
5669259338,56,6/6/2011,9.04,10/30/2020,334.65
8383128086,106,7/14/2022,3.96,3/16/2006,8045.94
4630947705,58,5/23/2007,8.36,4/7/2001,5729.2
4539430323,45,3/28/2013,6.48,2/25/2008,9393.14
4710030401,130,6/15/2020,8.39,12/30/2017,9033.44
9447915527,99,10/21/2021,9.8,10/23/2012,3624.36
1652174096,124,3/12/2020,0.84,6/18/2022,7358.81
6317841445,1,4/14/2009,0.98,9/20/2006,4034.02
5989514289,2,8/9/2008,6.84,11/3/2005,6618.01
4674325859,109,9/20/2003,6.18,5/4/2000,7055.95
6901204255,120,1/25/2004,1.83,2/16/2020,7943.86
4632418332,110,11/16/2009,1.28,3/29/2003,9730.15
3157553833,17,7/18/2020,9.26,6/17/2000,6491.68
1453604972,99,1/17/2005,7.69,6/1/2009,6682.87
3724705933,88,3/10/2009,0.17,3/29/2021,2183.31
3497660816,127,7/11/2014,9.12,5/8/2007,4333.73
1161470453,53,12/11/2016,6.58,1/28/2015,8618.75
4311181848,19,1/27/2021,8.07,4/9/2005,2276.9
1600380274,57,10/28/2013,8.77,10/26/2022,6924.58
3517203179,54,3/22/2010,5.78,8/14/2017,4263.58
9204857676,48,8/14/2004,5.61,3/30/2000,795.8
1187386934,74,8/31/2018,7,5/13/2011,6611.92
8390434508,11,4/30/2000,5.73,7/13/2022,178.25
9734590333,137,2/24/2002,1.84,7/24/2000,1227.48
3010937436,157,3/4/2004,4.83,6/6/2022,5657.02
5208149540,193,10/9/2006,9.82,6/24/2017,4655.06
9946368145,172,1/30/2017,8.82,7/28/2006,2060.09
7274021576,69,8/22/2016,2.35,8/4/2015,7649.05
6488002957,121,2/5/2022,3.63,10/8/2014,2673.99
5965860520,59,2/13/2017,8.9,11/17/2009,5721.07
1888884607,90,3/29/2009,5.27,3/19/2000,6944.5
4913097080,156,2/7/2009,6.2,3/28/2021,5003.87
6840344708,123,3/30/2016,0.44,5/22/2005,3409.53
6499456722,8,6/8/2014,8.54,6/14/2021,4321.37
3671787760,29,3/5/2016,5.64,2/21/2003,582.17
2198267514,200,5/20/2000,5.4,10/13/2010,886.96
4642936546,52,11/16/2021,1.89,7/23/2022,1348
8093541912,184,2/25/2002,7.13,4/9/2018,9814.02
2433222426,7,3/28/2013,8.49,7/7/2015,9285.75
7431601741,87,10/26/2014,8.32,8/4/2000,1716.77
3301994806,183,12/29/2008,2.96,2/5/2009,530.12
4119594631,166,6/13/2008,7.98,9/28/2015,2094.39
1358746518,190,7/11/2022,2.91,6/22/2005,4003.45
2089064824,26,4/11/2016,9.48,9/21/2006,2703.35
7870759527,117,6/22/2021,3.1,4/15/2021,6479.68
